id;file_name;file_type;url
1;toward lazily lest;oof ride;https://extroverted-hundred.name
2;often muddy;pfft bench;https://well-worn-comestible.net/
3;lava;while;https://optimal-ethyl.info/
4;lamp;baptise lighthearted that;https://big-custom.name/
5;object psst er;as knavishly switchboard;https://alive-knuckle.net/
6;within;wisely arrogantly;https://rough-milestone.net/
7;deficient bobble;pike joyously likewise;https://precious-jury.name
8;poorly yowza;tankful;https://athletic-footrest.net/
9;staid;newsprint;https://practical-heating.biz/
10;what;perfection unsteady gadzooks;https://weekly-hammock.com/
